{"minzoom":0,"maxzoom":9,"center":[114.257812,22.268386,9.0],"bounds":[113.835038,22.153778,114.441971,22.56194]}