{"minzoom":0,"maxzoom":8,"center":[114.441971,22.56194,8.0],"bounds":[113.835038,22.153778,114.441971,22.56194]}